productname,size,newprice,oldprice,link
Luve Lughurt Mango 400g,400g,"1,99",0,https://www.goflink.com//de-DE/shop/product/luve-lughurt-mango-400g-11016143/
Luve Lughurt Natur Zuckerfrei 400g,400g,"1,99",0,https://www.goflink.com//de-DE/shop/product/luve-lughurt-natur-zuckerfrei-400g-11016145/
Luve Lughurt Stracciatella 400g,400g,"1,99",0,https://www.goflink.com//de-DE/shop/product/luve-lughurt-stracciatella-400g-11016144/
Alpro Barista Kokosdrink 1l,1l,"2,89",0,https://www.goflink.com//de-DE/shop/product/alpro-barista-kokosdrink-1l-11015806/
Alpro Bio Soyadrink 1l,1l,"1,99",0,https://www.goflink.com//de-DE/shop/product/alpro-bio-soyadrink-1l-11010200/
Alpro Cashew Drink 1l,1l,"0,78","2,59",https://www.goflink.com//de-DE/shop/product/alpro-cashew-drink-1l-11015283/
Alpro Haferdrink Barista 1l,1l,"2,29",0,https://www.goflink.com//de-DE/shop/product/alpro-hafer-barista-drink-1l-11010204/
Alpro Haferdrink Ungesüßt 1l,1l,"1,99",0,https://www.goflink.com//de-DE/shop/product/alpro-haferdrink-ungesusst-1l-11010203/
Alpro Haselnuss Drink 1l,1l,"1,44","2,89",https://www.goflink.com//de-DE/shop/product/alpro-haselnuss-drink-1l-11015282/
Alpro Mandeldrink 1l,1l,"0,87","2,89",https://www.goflink.com//de-DE/shop/product/alpro-mandel-drink-1l-11010201/
Alpro Mandeldrink Ungesüßt Geröstet 1l,1l,"2,89",0,https://www.goflink.com//de-DE/shop/product/de-alpro-mandeldrink-ungesusst-gerostet-1l-11010202/
Alpro Soja Drink Light 1l,1l,"1,99",0,https://www.goflink.com//de-DE/shop/product/alpro-soja-drink-light-1l-11017759/
Alpro Soja-Kochcrème Cuisine vegan 250ml,250ml,"1,39",0,https://www.goflink.com//de-DE/shop/product/alpro-soja-kochcreme-cuisine-vegan-250ml-11012628/
Alpro Sojadrink Vanille 1l,1l,"1,99",0,https://www.goflink.com//de-DE/shop/product/alpro-sojadrink-vanille-1l-11013463/
Alpro This is not mlk Haferdrink 1.8% 1l,1l,"1,99",0,https://www.goflink.com//de-DE/shop/product/alpro-not-mlk-haferdrink-1-8-1l-11013646/
Alpro This is not mlk Haferdrink 3.5% 1l,1l,"1,99",0,https://www.goflink.com//de-DE/shop/product/alpro-not-mlk-haferdrink-3-5-1l-11013647/
Oatly Haferdrink Barista 1l,1l,"2,29",0,https://www.goflink.com//de-DE/shop/product/oatly-haferdrink-barista-1l-11010205/
Oatly Haferdrink Calcium 1l,1l,"1,99",0,https://www.goflink.com//de-DE/shop/product/oatly-haferdrink-calcium-1l-11010206/
Oatly Haferdrink Chocolate,Chocolate,"2,29",0,https://www.goflink.com//de-DE/shop/product/oatly-haferdrink-chocolate-11015190/
Oatly Organic Haferdrink Classic Bio 1l,1l,"1,99",0,https://www.goflink.com//de-DE/shop/product/oatly-haferdrink-classic-bio-1l-11010207/
Rama Kochcreme Pflanzlich 15% 200ml,200ml,"0,99",0,https://www.goflink.com//de-DE/shop/product/rama-kochcreme-pflanzlich-15-200ml-11017761/
Rama Schlagcreme Pflanzlich 31% 200ml,200ml,"0,99",0,https://www.goflink.com//de-DE/shop/product/rama-schlagcreme-pflanzlich-31-200ml-11017762/
UNMILK Barista glutenfrei 1l,1l,"2,59",0,https://www.goflink.com//de-DE/shop/product/unmilk-barista-glutenfrei-1l-11016803/
UNMILK Vegan Caffè Protein Shake 330ml,330ml,"2,59",0,https://www.goflink.com//de-DE/shop/product/unmilk-vegan-protein-shake-caffe-330ml-11015887/
UNMILK Vegan Schoko Protein Shake 330ml,330ml,"2,59",0,https://www.goflink.com//de-DE/shop/product/unmilk-vegan-protein-shake-schoko-330ml-11015886/
Vly Kakaodrink 400 ml,ml,"1,99",0,https://www.goflink.com//de-DE/shop/product/vly-kakaodrink-400-ml-11015263/
vly Milchalternative Barista aus Erbsenprotein 1l,1l,"2,59",0,https://www.goflink.com//de-DE/shop/product/vly-milchalternative-barista-aus-erbsenprotein-1l-11012751/
vly Milchalternative Ungesüsst aus Erbsenprotein 1l,1l,"2,59",0,https://www.goflink.com//de-DE/shop/product/vly-milchalternative-ungesusst-aus-erbsenprotein-1l-11012752/
Beyond Meat Beyond Burger 226g (2x113g),2x113g,"3,99",0,https://www.goflink.com//de-DE/shop/product/beyond-meat-beyond-burger-226g-2x113g-11015064/
Beyond Meat Beyond Meatballs 200g (8x25g),8x25g,"3,99",0,https://www.goflink.com//de-DE/shop/product/beyond-meat-beyond-meatballs-200g-8x25g-11015926/
Beyond Meat Beyond Mince 300g,300g,"3,99",0,https://www.goflink.com//de-DE/shop/product/beyond-meat-beyond-mince-300g-11015065/
Beyond Meat Beyond Sausage 200g (2x100g),2x100g,"3,99",0,https://www.goflink.com//de-DE/shop/product/beyond-meat-beyond-sausage-200g-2x100g-11015066/
Endori Veggie Minced Hack 200g,200g,"2,99",0,https://www.goflink.com//de-DE/shop/product/endori-veggie-minced-hack-200g-11014785/
Endori Veggie Pulled 170g,170g,"2,99",0,https://www.goflink.com//de-DE/shop/product/endori-veggie-pulled-170g-11014786/
Future Farm Future Bratwurst 250g,250g,"3,99",0,https://www.goflink.com//de-DE/shop/product/future-farm-future-bratwurst-285g-11013878/
Future Farm Future Burger 230g,230g,"3,99",0,https://www.goflink.com//de-DE/shop/product/future-farm-future-burger-265g-11013877/
Future Farm Future Chicken 200g,200g,"3,99",0,https://www.goflink.com//de-DE/shop/product/future-farm-future-chicken-235g-11013881/
Future Farm Future Hack 250g,250g,"3,99",0,https://www.goflink.com//de-DE/shop/product/future-farm-future-hack-285g-11013879/
Future Farm Future Tuna 150g,150g,"3,89",0,https://www.goflink.com//de-DE/shop/product/future-farm-future-tuna-150g-11015697/
Like Meat Bio Grilled Chicken 180g,180g,"3,49",0,https://www.goflink.com//de-DE/shop/product/like-meat-bio-grilled-chicken-180g-11013648/
Likemeat Bio Chicken Vegan 180g,180g,"0,90","2,99",https://www.goflink.com//de-DE/shop/product/likemeat-bio-chicken-vegan-180g-11011108/
Likemeat Bio Gyros Streifen 180g,180g,"3,49",0,https://www.goflink.com//de-DE/shop/product/likemeat-bio-gyros-streifen-180g-11011107/
REWE Bio Falafelbällchen 200g,200g,"2,79",0,https://www.goflink.com//de-DE/shop/product/rewe-bio-falafelballchen-200g-11014494/
Rewe Beste Wahl Vegane Fleischwurst 175g,175g,"1,99",0,https://www.goflink.com//de-DE/shop/product/rewe-beste-wahl-vegane-fleischwurst-175g-11017575/
Rügenwalder Mühle Vegane Bratwurst 180g (3x60g),3x60g,"3,39",0,https://www.goflink.com//de-DE/shop/product/rugenwalder-muhle-vegane-bratwurst-180g-11017462/
Rügenwalder Mühle Vegane Mühlen Schnitzel Cordon Bleu 200g,200g,"3,39",0,https://www.goflink.com//de-DE/shop/product/rugenwalder-muhle-vegane-muhlen-schnitzel-cordon-bleu-200g-11011098/
Rügenwalder Mühle Vegane Teewurst 100g,100g,"1,89",0,https://www.goflink.com//de-DE/shop/product/rugenwalder-muhle-vegane-teewurst-100g-11014944/
Rügenwalder Mühle Veganer Schinken Spicker Mortadella 80g,80g,"1,59",0,https://www.goflink.com//de-DE/shop/product/rugenwalder-muhle-veganer-schinken-spicker-mortadella-80g-11017573/
Rügenwalder Mühle Veganer Schinken Spicker Salat 150g,150g,"1,99",0,https://www.goflink.com//de-DE/shop/product/rugenwalder-muhle-veganer-schinken-spicker-salat-150g-11016272/
Rügenwalder Vegane Mühlensalami 80g,80g,"1,49",0,https://www.goflink.com//de-DE/shop/product/rugenwalder-vegane-muhlensalami-80g-11013603/
Rügenwalder Vegane Nuggets Klassisch 180g,180g,"3,39",0,https://www.goflink.com//de-DE/shop/product/rugenwalder-vegane-nuggets-klassisch-180g-11013599/
Rügenwalder Veganes Hack aus Soja 250g,250g,"3,29",0,https://www.goflink.com//de-DE/shop/product/rugenwalder-veganes-hack-aus-soja-250g-11013598/
Rügenwalder Veganes Mühlenhack 180g,180g,"3,19",0,https://www.goflink.com//de-DE/shop/product/rugenwalder-veganes-muhlenhack-180g-11013516/
Rügenwalder veganer Schnittlauch Schinken Spicker 80g,80g,"1,49",0,https://www.goflink.com//de-DE/shop/product/rugenwalder-veg-schnittlauch-schinken-spicker-80g-11013504/
The Vegetarian Butcher Beflügel Nuggets 180g,180g,"0,90","2,99",https://www.goflink.com//de-DE/shop/product/befluegel-nuggets-180g-11013600/
The Vegetarian Butcher Chikeriki Streifen 160g,160g,"0,90","2,99",https://www.goflink.com//de-DE/shop/product/the-vegetarian-butcher-chikeriki-streifen-160g-11015510/
Vantastic Foods Sim Sa Lami Aufschnitt 80g,80g,"2,89",0,https://www.goflink.com//de-DE/shop/product/vantastic-foods-sim-sa-lami-aufschnitt-80g-11015804/
Veggyness Bio Vegane Merguez 200g,200g,"3,99",0,https://www.goflink.com//de-DE/shop/product/veggyness-bio-vegane-merguez-200g-11016883/
Veggyness Bio Veganes Steak 175g,175g,"3,99",0,https://www.goflink.com//de-DE/shop/product/veggyness-bio-veganes-steak-175g-11016884/
Vivera Vegane Hähnchenschnitzel 200g,200g,"2,99",0,https://www.goflink.com//de-DE/shop/product/vivera-vegane-hahnchenschnitzel-200g-11017013/
planted. Chicken Kräuter & Zitrone 160g,160g,"3,69",0,https://www.goflink.com//de-DE/shop/product/planted-chicken-krauter-and-zitrone-160g-11017147/
planted. Kebab 160g,160g,"3,69",0,https://www.goflink.com//de-DE/shop/product/planted-kebab-160g-11017148/
planted. Pulled BBQ 160g,160g,"3,69",0,https://www.goflink.com//de-DE/shop/product/planted-pulled-bbq-160g-11017149/
Rügenwalder Mühle Vegetarische Mühlen Frikadellen Klassisch 165g,165g,"2,99",0,https://www.goflink.com//de-DE/shop/product/rugenwalder-muhlen-frikadellen-vegetarisch-165g-11011095/
Rügenwalder Mühle Vegetarische Mühlen Würstchen 200g,200g,"2,99",0,https://www.goflink.com//de-DE/shop/product/rugenwalder-muhle-vegetarische-muhlen-wurstchen-200g-11011096/
Rügenwalder Mühle Vegetarische Schinkenspicker Mortadella 80g,80g,"1,49",0,https://www.goflink.com//de-DE/shop/product/rugenwalder-muhle-vegetarische-schinkenspicker-80g-11011106/
Rügenwalder Mühle Vegetarischer Mühlen Snack 25g,25g,"0,89",0,https://www.goflink.com//de-DE/shop/product/rugenwalder-muhle-vegetarischer-muhlen-snack-25g-11013716/
Rügenwalder Mühle Vegetarischer Mühlen Snack im Teigmantel 50g,50g,"1,29",0,https://www.goflink.com//de-DE/shop/product/rugenwalder-muhle-vegetarischer-muhlen-snack-im-teigmantel-50g-11014787/
Rügenwalder Vegetarischer Schinkenspicker Salat 150g,150g,"0,60","1,99",https://www.goflink.com//de-DE/shop/product/rugenwalder-vegetarischer-schinkenspicker-salat-150g-11013604/
Valess Crispy Sticks 160g,160g,"1,02","3,39",https://www.goflink.com//de-DE/shop/product/valess-crispy-sticks-160g-11013601/
Luve Lughurt Mango 400g,400g,"1,99",0,https://www.goflink.com//de-DE/shop/product/luve-lughurt-mango-400g-11016143/
Luve Lughurt Natur Zuckerfrei 400g,400g,"1,99",0,https://www.goflink.com//de-DE/shop/product/luve-lughurt-natur-zuckerfrei-400g-11016145/
Luve Lughurt Stracciatella 400g,400g,"1,99",0,https://www.goflink.com//de-DE/shop/product/luve-lughurt-stracciatella-400g-11016144/
Alpro Kokosnuss Ananas 350g,350g,"1,99",0,https://www.goflink.com//de-DE/shop/product/alpro-kokosnuss-ananas-350g-11014576/
Alpro Kokosnuss Natur 350g,350g,"0,99","1,99",https://www.goflink.com//de-DE/shop/product/alpro-kokosnuss-natur-350g-11014571/
Alpro Skyr Style Mango 400g,400g,"1,99",0,https://www.goflink.com//de-DE/shop/product/alpro-skyr-style-mango-400g-11010529/
Alpro Skyr Style Natur Ungesüßt 400g,400g,"1,99",0,https://www.goflink.com//de-DE/shop/product/alpro-skyr-style-natur-ungesusst-500g-11014234/
Alpro Skyr Style Vanille 400g,400g,"1,99",0,https://www.goflink.com//de-DE/shop/product/alpro-skyr-style-vanille-400g-11010528/
Alpro Soja Joghurt Hafer + Natur 400g,400g,"1,99",0,https://www.goflink.com//de-DE/shop/product/alpro-soja-joghurt-hafer-natur-400g-11015805/
Alpro Soja Joghurt Heidelbeere 500g,500g,"1,99",0,https://www.goflink.com//de-DE/shop/product/alpro-soja-joghurt-heidelbeere-500g-11011256/
Alpro Soja Joghurt Himbeere-Apfel Ungesüßt 500g,500g,"1,99",0,https://www.goflink.com//de-DE/shop/product/alpro-soja-joghurt-himbeere-apfel-ungesusst-500g-11017897/
Alpro Soja Joghurt Kokos 500g,500g,"1,99",0,https://www.goflink.com//de-DE/shop/product/alpro-soja-joghurt-kokos-500g-11017907/
Alpro Soja Joghurt Natur 500g,500g,"1,99",0,https://www.goflink.com//de-DE/shop/product/alpro-soja-joghurt-natur-500g-11011258/
Alpro Soja Joghurt Ungesüßt 500g,500g,"1,99",0,https://www.goflink.com//de-DE/shop/product/alpro-soja-joghurt-ungesusst-500g-11014233/
Alpro Soja Joghurt Vanille 500g,500g,"1,99",0,https://www.goflink.com//de-DE/shop/product/alpro-soja-joghurt-vanille-500g-11011257/
Dany Pflanzlich Schoko Dessert 375g,375g,"1,99",0,https://www.goflink.com//de-DE/shop/product/dany-pflanzlich-schoko-dessert-375g-11014791/
Dany Pflanzlich Vanille Dessert 375g,375g,"1,99",0,https://www.goflink.com//de-DE/shop/product/dany-pflanzlich-vanille-dessert-375g-11014790/
Harvest Moon Bio Kokos Natur 275g,275g,"3,19",0,https://www.goflink.com//de-DE/shop/product/harvest-moon-bio-kokos-natur-275g-11013454/
Harvest Moon Bio Kokos Vanille 275g,275g,"3,39",0,https://www.goflink.com//de-DE/shop/product/harvest-moon-bio-kokos-vanille-275g-11013455/
Velike Bio Naturghurt mit Mango 500g,500g,"2,59",0,https://www.goflink.com//de-DE/shop/product/velike-bio-naturghurt-mit-mango-400g-11015509/
Bedda Bockshornklee Scheiben 150g,150g,"2,99",0,https://www.goflink.com//de-DE/shop/product/bedda-bockshornklee-scheiben-150g-11015590/
Flink Bio Vegane Käse-Alternative Scheiben mild 150g,150g,"2,99",0,https://www.goflink.com//de-DE/shop/product/flink-bio-kaseersatz-scheibe-natur-150g-11014629/
Flink Bio Vegane Käse-Alternative gerieben 200g,200g,"2,99",0,https://www.goflink.com//de-DE/shop/product/flink-bio-kaseersatz-gerieben-herzhaft-200g-11014628/
REWE Bio   Vegan Räucher-Tofu 350g (2x175g),2x175g,"1,99",0,https://www.goflink.com//de-DE/shop/product/rewe-bio-vegan-raucher-tofu-350g-2x175g-11017895/
Rewe Bio Mozzarisella 150g,150g,"2,79",0,https://www.goflink.com//de-DE/shop/product/rewe-bio-mozzarisella-150g-11014241/
Rewe Bio Tofu Natur 2x200g,2x200g,"1,99",0,https://www.goflink.com//de-DE/shop/product/rewe-bio-tofu-natur-2x200g-11013561/
Simply V Genießerscheiben Natur Vegan 150g,150g,"2,99",0,https://www.goflink.com//de-DE/shop/product/simply-v-geniesserscheiben-natur-vegan-150g-11012017/
Simply V Genießerscheiben Würzig Vegan 150g,150g,"2,99",0,https://www.goflink.com//de-DE/shop/product/simply-v-geniesserscheiben-wurzig-vegan-150g-11012018/
Simply V Käsealternative Veganer Reibegenuss vegan 200g,200g,"2,99",0,https://www.goflink.com//de-DE/shop/product/simply-v-kasealternative-veganer-reibegenuss-vegan-200g-11012795/
Taifun Bio Räuchertofu 200g,200g,"2,39",0,https://www.goflink.com//de-DE/shop/product/taifun-bio-rauchertofu-200g-11012335/
Treiber Gebackener Tofu 200g,200g,"2,99",0,https://www.goflink.com//de-DE/shop/product/treiber-gebackener-tofu-200g-11016644/
Treiber Sezuan Tofu 200g,200g,"2,59",0,https://www.goflink.com//de-DE/shop/product/treiber-sezuan-tofu-200g-11016645/
Vantastic Foods Bio Tofu Natur 200g,200g,"1,99",0,https://www.goflink.com//de-DE/shop/product/bio-tofu-natur-200g-11014134/
Vantastic Foods Bio Tofu Tomate-Olive vegan 200g,200g,"2,59",0,https://www.goflink.com//de-DE/shop/product/vantastic-foods-bio-tofu-tomate-olive-vegan-200g-11013045/
Vantastic Foods Bio Tofu geräuchert 200g,200g,"2,39",0,https://www.goflink.com//de-DE/shop/product/bio-tofu-gerauchert-200g-11014133/
Violife Greek White Block 230g,230g,"3,39",0,https://www.goflink.com//de-DE/shop/product/violife-greek-white-block-230g-11015186/
Violife Grillkäse vegan 200g,200g,"2,99",0,https://www.goflink.com//de-DE/shop/product/violife-grillkase-vegan-200g-11017076/
Hanfkrem Dattel Orientalisch 145g,145g,"2,09","2,99",https://www.goflink.com//de-DE/shop/product/hanfkrem-dattel-orientalisch-145g-11015760/
Hanfkrem Rote Bete mit Sesam 145g,145g,"2,09","2,99",https://www.goflink.com//de-DE/shop/product/hanfkrem-rote-bete-mit-sesam-145g-11015761/
Lätta Vegan 250g,250g,"1,69",0,https://www.goflink.com//de-DE/shop/product/latta-vegan-250g-11017671/
NOA Brotaufstrich Kichererbse Avocado 175g,175g,"2,39",0,https://www.goflink.com//de-DE/shop/product/noa-brotaufstrich-kichererbse-avocado-175g-11016348/
NOA Brotaufstrich Linse-Curry 175g,175g,"2,39",0,https://www.goflink.com//de-DE/shop/product/noa-brotaufstrich-linse-curry-175g-11016347/
No Egg Veganes Ei 220ml,220ml,"2,99",0,https://www.goflink.com//de-DE/shop/product/no-egg-veganes-ei-220ml-11017574/
Oatly Aufstrich Gartenkräuter 150g,150g,"1,89",0,https://www.goflink.com//de-DE/shop/product/oatly-aufstrich-gartenkrauter-150g-11012799/
Popp Veganer Eifreisalat 150g,150g,"1,99",0,https://www.goflink.com//de-DE/shop/product/popp-veganer-eifreisalat-150g-11017900/
REWE Bio Tahini Hummus 150g,150g,"1,99",0,https://www.goflink.com//de-DE/shop/product/rewe-bio-hummus-tahini-150g-11014145/
Rewe BIO Veganer Eiersatz 50ml,50ml,"1,99",0,https://www.goflink.com//de-DE/shop/product/rewe-bio-veganer-eiersatz-50ml-11016805/
Rügenwalder Vegane Pommersche Schnittlauch 125g,125g,"1,99",0,https://www.goflink.com//de-DE/shop/product/rugenwalder-vegane-pommersche-schnittlauch-125g-11013602/
Simply V Streichgenuss Classic 150g,150g,"3,39",0,https://www.goflink.com//de-DE/shop/product/simply-v-streichgenuss-classic-150g-11015112/
Simply V Streichgenuss Kräuter 150g,150g,"3,39",0,https://www.goflink.com//de-DE/shop/product/simply-v-streichgenss-krauter-150g-11013497/
Veganz Bio Schoko-Creme vegan 400g,400g,"3,99",0,https://www.goflink.com//de-DE/shop/product/veganz-bio-schoko-creme-vegan-400g-11017515/
Veganz Ohnig 250g,250g,"4,99",0,https://www.goflink.com//de-DE/shop/product/veganz-ohnig-250g-11017585/
Violife Vioblock Vegan 250g,250g,"2,29",0,https://www.goflink.com//de-DE/shop/product/violife-vioblock-vegan-250g-11015113/
Cookie Business Cookiedough Double Choc Vegan 92g,92g,"2,59",0,https://www.goflink.com//de-DE/shop/product/cookie-business-cookiedough-classic-vegan-92g-11016171/
Fisherman's Friend Eukalyptus ohne Zuckerzusatz 50g (2x25g),2x25g,"1,99",0,https://www.goflink.com//de-DE/shop/product/fishermans-friend-eukalyptus-ohne-zucker-2x25g-11015455/
Fisherman's Friend Mint ohne Zucker 50g (2x25g),2x25g,"1,99",0,https://www.goflink.com//de-DE/shop/product/fishermans-friend-mindt-ohne-zucker-2x25g-11015456/
Gü Free From Schoko Vanille Cheesecake 2x82g,2x82g,"3,99",0,https://www.goflink.com//de-DE/shop/product/gu-free-from-schoko-vanille-cheesecake-2x82g-11015133/
Gü Free From Zitronen Cheesecake 2x92g,2x92g,"3,99",0,https://www.goflink.com//de-DE/shop/product/gu-free-from-zitronen-cheesecake-2x92g-11015132/
HANS Bio-Energieriegel Kakaonibs 30g,30g,"1,59","1,99",https://www.goflink.com//de-DE/shop/product/hans-bio-energieriegel-kakaonibs-30g-11017241/
HANS Bio-Energieriegel Original 30g,30g,"1,59","1,99",https://www.goflink.com//de-DE/shop/product/hans-bio-energieriegel-original-30g-11017237/
HANS Bio-Power-Bites Kakao 50g,50g,"1,81","2,59",https://www.goflink.com//de-DE/shop/product/hans-bio-power-bites-kakao-50g-11017239/
HANS Bio-Schoko-Riegel Peanut & Cream 30g,30g,"1,99",0,https://www.goflink.com//de-DE/shop/product/hans-bio-schoko-riegel-peanut-and-cream-30g-11017242/
HANS Bio-Schoko-Riegel White Nougat 30g,30g,"1,39","1,99",https://www.goflink.com//de-DE/shop/product/hans-bio-schoko-riegel-white-nougat-30g-11017240/
Heimatgut Bio Popcorn Süß & Salzig 90g,90g,"1,99",0,https://www.goflink.com//de-DE/shop/product/heimatgut-bio-popcorn-sussandsalz-90g-11010876/
Heimatgut Bio Popcorn Süß 90g,90g,"1,99",0,https://www.goflink.com//de-DE/shop/product/heimatgut-bio-popcorn-suss-90g-11010875/
Katjes Chocjes Vegan Cookie Lover 50g,50g,"0,79","1,59",https://www.goflink.com//de-DE/shop/product/katjes-chocjes-vegan-cookie-lover-50g-11015303/
Katjes Chocjes Vegan Salty Pretzel 50g,50g,"0,48","1,59",https://www.goflink.com//de-DE/shop/product/katjes-chocjes-vegan-salty-pretzel-50g-11015304/
Lindt Excellence Mild 70% 100g,100g,"2,29",0,https://www.goflink.com//de-DE/shop/product/lindt-excellence-mild-70-100g-11011905/
Lindt Hello Vegan Salted Caramel 100g,100g,"2,99",0,https://www.goflink.com//de-DE/shop/product/lindt-hello-vegan-salted-caramel-100g-11011916/
Lindt Vegan Salted Almonds 100g,100g,"2,99",0,https://www.goflink.com//de-DE/shop/product/lindt-vegan-salted-almonds-100g-11012653/
Lindt Vegan Sweet & Salty Popcorn 100g,100g,"2,99",0,https://www.goflink.com//de-DE/shop/product/lindt-vegan-sweet-and-salty-popcorn-100g-11012652/
Lindt Vegane Haselnuss 100g,100g,"2,99",0,https://www.goflink.com//de-DE/shop/product/lindt-vegane-haselnuss-100g-11015861/
Lotus Biscoff 250g,250g,"1,59",0,https://www.goflink.com//de-DE/shop/product/lotus-biscoff-250g-11015311/
Oreo Klassik Vanillecreme 4x4 Stk. 176g,176g,"1,59",0,https://www.goflink.com//de-DE/shop/product/oreo-classic-vanillecreme-176g-11010901/
Raw Bite Bio Cacao Riegel 50g,50g,"1,99",0,https://www.goflink.com//de-DE/shop/product/raw-bite-bio-cacao-riegel-50g-11010306/
Raw Bite Bio Cashew Riegel 50g,50g,"1,99",0,https://www.goflink.com//de-DE/shop/product/raw-bite-bio-cashew-riegel-50g-11010307/
Ricola Alpen Salbei zuckerfrei 75g,75g,"1,99",0,https://www.goflink.com//de-DE/shop/product/ricola-alpen-salbei-zuckerfrei-75g-11014891/
Ricola Kräuter Original zuckerfrei 75g,75g,"1,99",0,https://www.goflink.com//de-DE/shop/product/ricola-krauter-original-zuckerfrei-75g-11014890/
Ritter Sport Sesam Vegan 100g,100g,"1,99",0,https://www.goflink.com//de-DE/shop/product/ritter-sport-vegan-sesam-100g-11010965/
Veganz Bio Schokolade Roasted Hazelnut vegan 90g,90g,"2,79",0,https://www.goflink.com//de-DE/shop/product/veganz-bio-schokolade-roasted-hazelnut-vegan-90g-11017355/
Veganz Bio Schokolade White Roasted Almond vegan 80g,80g,"2,79",0,https://www.goflink.com//de-DE/shop/product/veganz-bio-schokolade-white-roasted-almond-vegan-80g-11017360/
Veganz Fruchtgummi Fizzy Cola vegan 100g,100g,"1,39",0,https://www.goflink.com//de-DE/shop/product/veganz-fruchtgummi-fizzy-cola-vegan-100g-11017358/
Veganz Gummibärchen vegan 100g,100g,"1,39",0,https://www.goflink.com//de-DE/shop/product/veganz-gummibarchen-vegan-100g-11017357/
Veganz Muffins Chocolate Chip vegan 150g,150g,"1,99",0,https://www.goflink.com//de-DE/shop/product/veganz-muffins-chocolate-chip-vegan-150g-11017356/
Veganz Muffins Double Choc vegan 150g,150g,"1,99",0,https://www.goflink.com//de-DE/shop/product/veganz-muffins-double-choc-vegan-150g-11017354/
Veganz Wafer Bio Choc Bar Hazel 30g,30g,"1,59",0,https://www.goflink.com//de-DE/shop/product/veganz-wafer-bio-choc-bar-hazel-30g-11017591/
Veggie Crumbz Cauliflower Panade 200g,200g,"3,99",0,https://www.goflink.com//de-DE/shop/product/veggie-crumbz-cauliflower-panade-200g-11015758/
Veggie Crumbz Gemüsliriegel Red Beet 30 g,g,"1,99",0,https://www.goflink.com//de-DE/shop/product/veggie-crumbz-gemusliriegel-red-beet-30-g-11015759/
Veggie Crumbz Orange Carrot Panade 200g,200g,"3,99",0,https://www.goflink.com//de-DE/shop/product/veggie-crumbz-orange-carrot-panade-200g-11015757/
Veggie Crumbz Red Beet Panade 200g,200g,"3,99",0,https://www.goflink.com//de-DE/shop/product/veggie-crumbz-red-beet-panade-200g-11015756/
Vego Haselnuss-Schokoriegel 150g,150g,"1,11","3,69",https://www.goflink.com//de-DE/shop/product/vego-haselnuss-schokoriegel-150g-11015332/
hitschies Fruchtgummi Bunte Drachenzungen sauer vegan 125g,125g,"1,19",0,https://www.goflink.com//de-DE/shop/product/hitschler-fruchtgummi-bunte-drachenzungen-sauer-vegan-125g-11014634/
hitschies Fruchtgummi Spinnenbeine sauer vegan 125g,125g,"1,19",0,https://www.goflink.com//de-DE/shop/product/hitschler-fruchtgummi-spinnenbeine-sauer-vegan-125g-11014636/
nimm2 Soft 195g,195g,"1,99",0,https://www.goflink.com//de-DE/shop/product/nimm2-soft-195g-11015322/
nucao m!lk Bio Almond Sea Salt 40g,40g,"1,99",0,https://www.goflink.com//de-DE/shop/product/nucao-m-lk-bio-almond-sea-salt-40g-11016340/
nucao m!lk Bio White Crunchy Nougat 40g,40g,"1,99",0,https://www.goflink.com//de-DE/shop/product/nucao-m-lk-bio-white-crunchy-nougat-40g-11016339/
nucao m!lk Crisp & Crunch 40g,40g,"1,99",0,https://www.goflink.com//de-DE/shop/product/nucao-m-lk-crisp-and-crunch-40g-11013617/
raccoon Bio Protein Choc Gingerbread Vegan 40g,40g,"1,99",0,https://www.goflink.com//de-DE/shop/product/raccoon-bio-protein-choc-gingerbread-40g-11015261/
raccoon Bio Protein Choc Red Berries Vegan 40g,40g,"1,39","1,99",https://www.goflink.com//de-DE/shop/product/raccoon-bio-protein-choc-red-berries-40g-11015259/
raccoon Bio Protein Choc Salty Peanut Vegan 40g,40g,"1,39","1,99",https://www.goflink.com//de-DE/shop/product/raccoon-bio-protein-choc-salty-peanut-40g-11015260/
Ben & Jerry's Sundae Vegan Berry Revolutionary 427ml,427ml,"6,49",0,https://www.goflink.com//de-DE/shop/product/ben-and-jerrys-sundae-vegan-berry-revolutionary-427ml-11016714/
Ben & Jerry's Vegan Cookies on Cookie Dough 465ml,465ml,"6,49",0,https://www.goflink.com//de-DE/shop/product/ben-and-jerrys-eis-cookies-on-cookie-dough-vegan-465ml-11013111/
Black Forest Bio Ice Cream Schokolade 100ml,100ml,"2,07","2,59",https://www.goflink.com//de-DE/shop/product/black-forest-bio-ice-cream-schokolade-vegan-100ml-11017727/
Black Forest Ice Cream Bio Haselnuss vegan 450ml,450ml,"4,79","5,99",https://www.goflink.com//de-DE/shop/product/black-forest-ice-cream-bio-haselnuss-vegan-450ml-11016305/
Black Forest Ice Cream Bio Himbeere & Fichte vegan 450ml,450ml,"4,79","5,99",https://www.goflink.com//de-DE/shop/product/black-forest-ice-cream-bio-himbeere-and-fichte-vegan-450ml-11016306/
Breyers Vegan Caramel & Pecan 465ml,465ml,"5,19","6,49",https://www.goflink.com//de-DE/shop/product/breyers-caramel-and-pecan-vegan-465ml-11015008/
Breyers Vegan Chocolate & Hazelnut 465ml,465ml,"1,95","6,49",https://www.goflink.com//de-DE/shop/product/breyers-vegan-chocolate-hazelnut-eiscreme-465ml-11013113/
Del Fiore Mango Lemongrass Bio & Vegan 500ml,500ml,"5,83","7,29",https://www.goflink.com//de-DE/shop/product/del-fiore-bio-mango-und-lemongrass-500-ml-11012903/
Del Fiore Zitrone Ingwer Bio & Vegan 500ml,500ml,"5,83","7,29",https://www.goflink.com//de-DE/shop/product/del-fiore-bio-zitrone-und-ingwer-500-ml-11012904/
Emma the Mu Dunkle Schokolade Vegan 530ml,530ml,"5,52","6,90",https://www.goflink.com//de-DE/shop/product/emma-the-mu-dunkle-schokolade-vegan-530ml-11014838/
Flink Bio Sorbet Erdbeere Schwarze Johannisbeere 350ml,350ml,"3,49",0,https://www.goflink.com//de-DE/shop/product/flink-bio-sorbet-erdbeere-schwarze-johannisbeere-350ml-11016006/
Flink Bio Sorbet Mango Maracuja 350ml,350ml,"3,49",0,https://www.goflink.com//de-DE/shop/product/flink-bio-sorbet-mango-maracuja-350ml-11016005/
Froobie Fruchties 400ml (10x40ml),10x40ml,"3,99",0,https://www.goflink.com//de-DE/shop/product/froobie-multipack-fruchties-10-x-40ml-11017207/
HofEis Waldbeere vegan 130ml,130ml,"2,07","2,59",https://www.goflink.com//de-DE/shop/product/hofeis-waldbeere-vegan-130ml-11016307/
Luicella's Ice Cream Pistazie Schokostücke Vegan 500ml,500ml,"4,79","5,99",https://www.goflink.com//de-DE/shop/product/luicellas-ice-cream-pistazie-schokostucke-vegan-500ml-11012649/
Magnum Vegan Almond 270ml (3x90ml),3x90ml,"3,69",0,https://www.goflink.com//de-DE/shop/product/magnum-vegan-almond-270ml-3x90ml-11015004/
Nomoo Veganes Bio Kakao Eis 500ml,500ml,"1,80","5,99",https://www.goflink.com//de-DE/shop/product/nomoo-veganes-kakao-eis-500ml-11015007/
Nomoo Veganes Bio Mango Eis 500ml,500ml,"5,99",0,https://www.goflink.com//de-DE/shop/product/nomoo-veganes-mango-eis-500ml-11015013/
Nomoo Veganes Bio Vanille Eis 500ml,500ml,"1,80","5,99",https://www.goflink.com//de-DE/shop/product/nomoo-veganes-vanille-eis-500ml-11015012/
Apfelmann Cider 6.3% vol. 0.33l,"0,33l","2,59",0,https://www.goflink.com//de-DE/shop/product/apfelmann-cider-6-3-vol-0-33l-11017554/
Barón de Ley Rioja Reserva DOCa. 0.75l,"0,75l","13,49",0,https://www.goflink.com//de-DE/shop/product/baron-de-ley-reserva-0-75l-11015490/
Buitenverwachting Sauvignon Blanc W.O. Constancia 0.75l,"0,75l","4,99","9,99",https://www.goflink.com//de-DE/shop/product/buitenverwachting-sauvignon-blanc-wo-constancia-0-75l-11015492/
Landlust Bio Dornfelder-Spätburgunder trocken 0.75l,"0,75l","4,99",0,https://www.goflink.com//de-DE/shop/product/landlust-bio-dornfelder-spatburgunder-trocken-12-vol-750ml-11013351/
Landlust Bio Rivaner-Weißburgunder 0.75l,"0,75l","4,99",0,https://www.goflink.com//de-DE/shop/product/landlust-bio-rivaner-weissburgunder-trocken-12-vol-750ml-11013352/
Miguel Torres Natureo Muscat Alkoholfrei 0.75l,"0,75l","8,49",0,https://www.goflink.com//de-DE/shop/product/natureo-blanco-torres-alkoholfrei-0-75l-11015568/
Miguel Torres Natureo Rosé Alkoholfrei 0.75l,"0,75l","8,49",0,https://www.goflink.com//de-DE/shop/product/natureo-rose-torres-alkoholfrei-0-75l-11015569/
Natureo Sparkling Alkoholfrei 0.75l,"0,75l","9,99",0,https://www.goflink.com//de-DE/shop/product/natureo-sparkling-alkoholfrei-0-75l-11015571/
Natureo Tinto Alkoholfrei 0.75l,"0,75l","3,00","9,99",https://www.goflink.com//de-DE/shop/product/natureo-tinto-torres-alkoholfrei-0-75l-11015570/
Villa Maria Earthgarden Sauvignon Blanc BIO - Marlborough - 0.75l,"0,75l","11,19","15,99",https://www.goflink.com//de-DE/shop/product/villa-maria-earthgarden-sauvignon-blanc-marlborough-0-75l-11015574/
Bella & Bona El Tayeb Falafel Teller Vegan 450g,450g,"9,99",0,https://www.goflink.com//de-DE/shop/product/bellaandbona-el-tayeb-falafel-teller-450g-11015950/
Eat Happy Sushi Maki Avocado 102g,102g,"3,79",0,https://www.goflink.com//de-DE/shop/product/eat-happy-sushi-maki-avocado-102g-11014896/
Eat Happy Sushi Maki Gurke (Vegan) 102g,102g,"3,79",0,https://www.goflink.com//de-DE/shop/product/eat-happy-sushi-maki-gurke-vegan-102g-11014895/
Elisabeth Brokkolicremesuppe 450ml,450ml,"5,49",0,https://www.goflink.com//de-DE/shop/product/elisabeth-brokkolicremesuppe-450ml-11017234/
Elisabeth Gemüse-Kokossuppe mit Curry Vegan 450ml,450ml,"6,49",0,https://www.goflink.com//de-DE/shop/product/elisabeth-gemuse-kokossuppe-mit-curry-vegan-450ml-11017233/
Elisabeth Kartoffelcremesuppe 450ml,450ml,"5,49",0,https://www.goflink.com//de-DE/shop/product/elisabethsuppen-kartoffelcremesuppe-450ml-11015619/
Elisabeth Rote Linsen-Mangosuppe Vegan 450ml,450ml,"6,49",0,https://www.goflink.com//de-DE/shop/product/elisabethsuppen-rote-linsen-mangosuppe-450ml-11015620/
Elisabeth Tomaten-Kokossuppe Vegan 450ml,450ml,"6,49",0,https://www.goflink.com//de-DE/shop/product/suppkult-tomaten-kokossuppe-450ml-11015953/
Flink Bio Braune Linsen Ready-to-eat 150g,150g,"1,39",0,https://www.goflink.com//de-DE/shop/product/flink-organic-ready-to-eat-brown-lentils-150g-11014664/
Flink Bio Butternutkürbis-Suppe 400g,400g,"2,59",0,https://www.goflink.com//de-DE/shop/product/flink-organic-butternut-squash-soup-400g-11014656/
Flink Bio Kichererbsen Ready-to-eat 150g,150g,"1,39",0,https://www.goflink.com//de-DE/shop/product/flink-organic-ready-to-eat-chickpeas-150g-11014663/
Flink Bio Kidneybohnen Ready-to-eat 150g,150g,"1,39",0,https://www.goflink.com//de-DE/shop/product/flink-organic-ready-to-eat-red-kidney-beans-150g-11014665/
Flink Bio Linsensuppe 400g,400g,"1,99",0,https://www.goflink.com//de-DE/shop/product/flink-organic-three-lentils-400g-11014659/
Flink Bio Schwarze Bohnen Ready-to-eat 150g,150g,"1,39",0,https://www.goflink.com//de-DE/shop/product/flink-organic-ready-to-eat-black-beans-150g-11014666/
Flink Bio Tomatensuppe 400g,400g,"2,99",0,https://www.goflink.com//de-DE/shop/product/flink-organic-cold-tomato-soup-creamy-400g-11014660/
Flink Bio Veganes Chili 400 g,g,"2,99",0,https://www.goflink.com//de-DE/shop/product/flink-organic-vegan-chilli-bean-soup-400g-11014658/
Flink Bio Veganes Curry 400g,400g,"2,99",0,https://www.goflink.com//de-DE/shop/product/flink-organic-spicy-curry-soup-400g-11014657/
Flink Bio Zuckermais-Suppe 400g,400g,"2,59",0,https://www.goflink.com//de-DE/shop/product/flink-organic-sweet-corn-soup-400g-11014655/
Followfood Verdura Vegan mit Bio-Dinkelboden 339g,339g,"3,99",0,https://www.goflink.com//de-DE/shop/product/follow-food-bio-pizza-verde-vegan-11012360/
G´schmackes Indisches Rot Linsen Dal Vegan 400g,400g,"6,49",0,https://www.goflink.com//de-DE/shop/product/g-schmackes-indisches-linsen-dal-400g-11016051/
G´schmackes Italienische Quinoa Bolognese (vegan) 400g,400g,"2,10","6,99",https://www.goflink.com//de-DE/shop/product/g-schmackes-italienische-quinoa-bolognese-400g-11016052/
G´schmackes Münchner Kartoffel-Trüffelsuppe 350g,350g,"5,99",0,https://www.goflink.com//de-DE/shop/product/g-schmackes-munchner-getruffelte-kartoffelsuppe-380g-11016048/
G´schmackes Schweizer Bircher Müsli 380g,380g,"5,99",0,https://www.goflink.com//de-DE/shop/product/g-schmackes-schweizer-bircher-musli-380g-11016049/
Herr Kächele Handgemachte Maultaschen Vegan 230g,230g,"4,50",0,https://www.goflink.com//de-DE/shop/product/herr-kachele-handgemachte-herr-kachele-maultasche-vegan-230g-11014202/
Iglo Green Cuisine Gemüsestäbchen 426g (15 Stück),Stück,"2,99",0,https://www.goflink.com//de-DE/shop/product/iglo-green-cuisine-gemusestabchen-426g-15-stuck-11015032/
Iglo Green Cuisine Lasagne mit Vegetarischem Hack 450g,450g,"3,79",0,https://www.goflink.com//de-DE/shop/product/iglo-green-cuisine-lasagne-mit-vegetarischem-hack-450g-11015056/
"Iglo Green Cuisine Vegane 12 ""Fischstäbchen"" 336g",336g,"3,49",0,https://www.goflink.com//de-DE/shop/product/iglo-green-cuisine-vegane-12-fischstabchen-336g-11015014/
Iglo Veggie Love mit Kürbis Quinoa 400g,400g,"2,44","3,49",https://www.goflink.com//de-DE/shop/product/iglo-veggie-love-mit-kurbis-quinoa-400g-11015030/
Lazy Vegan Italian Risotto 400g,400g,"3,43","4,29",https://www.goflink.com//de-DE/shop/product/lazy-vegan-italian-risotto-400g-11016009/
Lazy Vegan Thai Green Curry 400g,400g,"3,43","4,29",https://www.goflink.com//de-DE/shop/product/lazy-vegan-thai-green-curry-400g-11016011/
Lazy Vegan Tikka Masala 400g,400g,"3,43","4,29",https://www.goflink.com//de-DE/shop/product/lazy-vegan-tikka-masala-400g-11016010/
Little Lunch Bio Kartoffelsuppe 350ml,350ml,"2,99",0,https://www.goflink.com//de-DE/shop/product/little-lunch-bio-kartoffelsuppe-350ml-11010243/
Little Lunch Bio Kürbissuppe Klassik 350ml,350ml,"2,99",0,https://www.goflink.com//de-DE/shop/product/little-lunch-bio-kurbissuppe-klassik-350ml-11010239/
Little Lunch Bio Linseneintopf 350ml,350ml,"0,90","2,99",https://www.goflink.com//de-DE/shop/product/little-lunch-bio-linseneintopf-350ml-11010234/
Little Lunch Bio Tomatensuppe 350ml,350ml,"2,99",0,https://www.goflink.com//de-DE/shop/product/little-lunch-bio-tomatensuppe-350ml-11010241/
Planet V Bio Brokkoli Curry 400g,400g,"4,99",0,https://www.goflink.com//de-DE/shop/product/lunch-vegaz-bio-brokkoli-curry-400g-11014182/
Planet V Bio Pasta Bolognese mit Sonnenblumen Hack 400g,400g,"4,99",0,https://www.goflink.com//de-DE/shop/product/lunch-vegaz-bio-pasta-bolognese-mit-sonnenblumen-hack-400g-11014181/
Planet V Bio Tortelloni in cremiger Champignonsoße 400g,400g,"4,99",0,https://www.goflink.com//de-DE/shop/product/lunch-vegaz-bio-tortelloni-in-cremiger-champignonsosse-11016140/
Planet V Bio Tortelloni in feuriger Tomatensoße 400g,400g,"4,99",0,https://www.goflink.com//de-DE/shop/product/lunch-vegaz-bio-tortelloni-in-feuriger-tomatensosse-11016141/
Planet V Bio Tortelloni in rahmiger Spinatsoße 400g,400g,"4,99",0,https://www.goflink.com//de-DE/shop/product/lunch-vegaz-bio-tortelloni-in-rahmiger-spinatsosse-11016142/
Rocka Nutrition Pink Pizza Vegane Margherita 315g,315g,"3,99",0,https://www.goflink.com//de-DE/shop/product/rocka-pink-pizza-vegane-margherita-315g-11015384/
Veganz Pizza Verdura Vegan 410g,410g,"3,99",0,https://www.goflink.com//de-DE/shop/product/veganz-pizza-verdura-vegan-410g-11017424/
feelfood Chilli Sin Carne vegan 85g,85g,"3,99",0,https://www.goflink.com//de-DE/shop/product/feel-food-chilli-sin-carne-vegan-85g-11016224/
feelfood Pasta Bolo vegan 85g,85g,"3,99",0,https://www.goflink.com//de-DE/shop/product/feel-food-pasta-bolo-vegan-85g-11016225/
feelfood Red Lentil Dal vegan 85g,85g,"3,99",0,https://www.goflink.com//de-DE/shop/product/feel-food-red-lentil-dal-vegan-85g-11016226/
prepmymeal - Veganes Kichererbsenmasala 490g,490g,"9,99",0,https://www.goflink.com//de-DE/shop/product/prepmymeal-veganes-kichererbsenmasala-490g-11015778/
