productname;newprice;oldprice;link
Little Lunch Bio Lieblingssauce Bolognese 250ml;2,79;0;https://www.goflink.com//de-DE/shop/product/little-lunch-bio-lieblingssauce-bolognese-250ml-11016369/
Little Lunch Bio Lieblingssauce Tomate Klassik 250ml;1,99;0;https://www.goflink.com//de-DE/shop/product/little-lunch-bio-lieblingssauce-tomate-klassik-250ml-11016367/
Mutti Pelati Passata 700g;2,29;0;https://www.goflink.com//de-DE/shop/product/mutti-pelati-passata-700g-11011139/
Mutti Pelati San Marzano 400g;2,39;0;https://www.goflink.com//de-DE/shop/product/mutti-pelati-san-marzano-400g-11010644/
Mutti Pelati Schältomaten 800g;1,99;0;https://www.goflink.com//de-DE/shop/product/mutti-pelati-schaltomaten-800g-11010645/
Mutti Pomodorini Cherrytomaten 400g;1,69;0;https://www.goflink.com//de-DE/shop/product/mutti-pomodorini-cherrytomaten-400g-11010646/
Mutti Tomatenmark 3fach Konzentrat 200g;1,69;0;https://www.goflink.com//de-DE/shop/product/mutti-tomatenmark-3fach-konzentrat-200g-11010648/
Oro Di Parma Tomaten Stückig 400g;1,49;0;https://www.goflink.com//de-DE/shop/product/oro-di-parma-tomaten-stuckig-425ml-11011138/
Oro Di Parma Tomatenmark 200g;1,59;0;https://www.goflink.com//de-DE/shop/product/oro-di-parma-tomatenmark-200g-11011137/
Oro di Parma Pizzasauce Oregano 425ml;1,99;0;https://www.goflink.com//de-DE/shop/product/oro-di-parma-pizzasauce-oregano-425ml-11011574/
Oro di Parma Tomaten passiert 400g;1,49;0;https://www.goflink.com//de-DE/shop/product/oro-di-parma-tomaten-passiert-400g-11012525/
REWE Beste Wahl Passierte Tomaten 500g;0,99;0;https://www.goflink.com//de-DE/shop/product/rewe-beste-wahl-passierte-tomaten-500g-11017214/
Libby's Ananas-Dessertstücke natursüß 140g;1,35;1,99;https://www.goflink.com//de-DE/shop/product/libbys-ananas-dessertstucke-natursuss-140g-11015465/
Libby's Aprikosen natursüß 425ml;1,99;0;https://www.goflink.com//de-DE/shop/product/libbys-aprikosen-halbe-frucht-natursuss-425ml-11015464/
Libby's Fruchtcocktail natursüß 240g;1,72;2,49;https://www.goflink.com//de-DE/shop/product/libbys-fruchtcocktail-natursuss-410g-11015462/
Libby's Mandarin-Orangen natursüß 175g;1,35;1,99;https://www.goflink.com//de-DE/shop/product/libbys-mandarin-orangen-natursuss-310g-11015460/
Libby's Pfirsiche natursüß 240g;1,39;1,99;https://www.goflink.com//de-DE/shop/product/libbys-mandarin-orangen-natursuss-175g-11015461/
Libby's Williams Christ Birnen natursüß 230g;2,48;3,59;https://www.goflink.com//de-DE/shop/product/libbys-williams-christ-birnen-natursuss-410g-11015463/
Odenwald Apfelmus ohne Zuckerzusatz 360g;1,39;0;https://www.goflink.com//de-DE/shop/product/odenwald-apfelmus-ohne-zucker-370ml-11015438/
Odenwald Schattenmorellen 350g;3,69;0;https://www.goflink.com//de-DE/shop/product/odenwald-schattenmorellen-720ml-11015771/
REWE Beste Wahl 5-Frucht Cocktail 250g;1,69;0;https://www.goflink.com//de-DE/shop/product/rewe-beste-wahl-5-frucht-cocktail-250g-11017501/
REWE Beste Wahl Ananasstücke 142g;1,59;0;https://www.goflink.com//de-DE/shop/product/rewe-beste-wahl-ananasstucke-142g-11017511/
REWE Beste Wahl Apfelmus 355g;1,09;0;https://www.goflink.com//de-DE/shop/product/rewe-beste-wahl-apfelmus-355g-11014911/
REWE Beste Wahl Kokosmilch cremig 400ml;1,49;0;https://www.goflink.com//de-DE/shop/product/rewe-beste-wahl-kokosmilch-cremig-400ml-11017318/
REWE Beste Wahl Kokosmilch fettreduziert 400ml;1,49;0;https://www.goflink.com//de-DE/shop/product/rewe-beste-wahl-kokosmilch-fettreduziert-400ml-11017329/
REWE Beste Wahl Mango-Schnitten 250g;1,49;0;https://www.goflink.com//de-DE/shop/product/rewe-beste-wahl-mango-schnitten-250g-11017500/
REWE Beste Wahl Pfirsiche Halbe Frucht 230ml;1,89;0;https://www.goflink.com//de-DE/shop/product/rewe-beste-wahl-pfirsiche-halbe-frucht-230ml-11017499/
REWE Beste Wahl Schattenmorellen 370g;2,39;0;https://www.goflink.com//de-DE/shop/product/rewe-beste-wahl-schattenmorellen-370g-11017517/
REWE Beste Wahl Wild-Preiselbeeren 212ml;1,99;0;https://www.goflink.com//de-DE/shop/product/rewe-beste-wahl-wild-preiselbeeren-212ml-11017513/
REWE Bio Apfelmark 700g;1,69;0;https://www.goflink.com//de-DE/shop/product/rewe-bio-apfelmark-700g-11013094/
REWE Bio Kokosmilch 400ml;1,59;0;https://www.goflink.com//de-DE/shop/product/rewe-bio-kokosmilch-400ml-11013160/
REWE Mandarinen Orangen im eigenen Saft 300g;1,49;0;https://www.goflink.com//de-DE/shop/product/rewe-mandarinen-orangen-im-eigenen-saft-300g-11017583/
Bonduelle Bio Champignons 170g;1,99;0;https://www.goflink.com//de-DE/shop/product/bonduelle-bio-champignons-280g-11013093/
Bonduelle Bio Goldmais 285g;1,99;0;https://www.goflink.com//de-DE/shop/product/bonduelle-bio-goldmais-425ml-11010633/
Bonduelle Erbsen & Möhrchen zart und fein 265g;1,59;0;https://www.goflink.com//de-DE/shop/product/bonduelle-erbsen-and-mohrchen-zart-und-fein-265g-11017350/
Bonduelle Goldmais Texas-Mix 265g;1,49;0;https://www.goflink.com//de-DE/shop/product/bonduelle-goldmais-texas-mix-265g-11017351/
Bonduelle Grüne Bohnen Zart und Fein 220g;1,59;0;https://www.goflink.com//de-DE/shop/product/bonduelle-grune-bohnen-fein-400g-11011976/
Bonduelle Junge Erbsen zart und extra fein 280g;1,59;0;https://www.goflink.com//de-DE/shop/product/bonduelle-junge-erbsen-zart-und-extra-fein-280g-11017589/
Bonduelle Kichererbsen 265g;1,59;0;https://www.goflink.com//de-DE/shop/product/bonduelle-kichererbsen-310g-11011978/
Bonduelle Kidney-Bohnen 250g;1,59;0;https://www.goflink.com//de-DE/shop/product/bonduelle-kidney-bohnen-425ml-11010634/
Bonduelle Weiße Bohnen 250g;1,59;0;https://www.goflink.com//de-DE/shop/product/bonduelle-weisse-bohnen-250g-11017353/
Campo Verde Demeter grüne Bio Brechbohnen 195g;1,89;0;https://www.goflink.com//de-DE/shop/product/campo-verde-demeter-grune-bio-brechbohnen-195g-11013091/
Campo Verde Erbsen und Möhrchen 220g;1,99;0;https://www.goflink.com//de-DE/shop/product/campo-verde-erbsen-und-mohrchen-340g-11013092/
Dongwon Kimchi 160g;2,69;0;https://www.goflink.com//de-DE/shop/product/dongwon-kimchi-160g-11016266/
HAK Weiße Bohnen 130g;1,29;0;https://www.goflink.com//de-DE/shop/product/hak-weisse-bohnen-200g-11011975/
Heinz Beanz Gebackene Bohnen 415g;1,99;0;https://www.goflink.com//de-DE/shop/product/heinz-beanz-gebackene-bohnen-415g-11017324/
Hengstenberg Burger-Gurken 185g;1,89;0;https://www.goflink.com//de-DE/shop/product/hengstenberg-burger-gurken-185g-11017142/
Hengstenberg Mildessa Mildes Sauerkraut 285g;1,29;0;https://www.goflink.com//de-DE/shop/product/hengstenberg-mildessa-mildes-sauerkraut-314ml-11011136/
Käfer Blaukraut 340g;6,95;0;https://www.goflink.com//de-DE/shop/product/kafer-blaukraut-340g-11012776/
Kühne Apfelrotkohl 335g;1,29;0;https://www.goflink.com//de-DE/shop/product/kuhne-apfelrotkohl-370ml-abtropfgewicht-335g-11010637/
Kühne Cocktail Cornichons 110g;1,99;0;https://www.goflink.com//de-DE/shop/product/kuhne-cocktail-cornichons-212ml-11010638/
Kühne Cocktail Cornichons Scharf 110g;1,99;0;https://www.goflink.com//de-DE/shop/product/kuhne-cocktail-cornichons-scharf-212ml-11010639/
Kühne Fasskraut 2 Min. 400g;1,79;0;https://www.goflink.com//de-DE/shop/product/kuhne-fasskraut-2-min-425ml-11010640/
Kühne Fix & Fertig Grünkohl 660g;1,99;0;https://www.goflink.com//de-DE/shop/product/kuhne-fix-and-fertig-grunkohl-660g-11015258/
Kühne Gewürzgurken 190g;1,99;0;https://www.goflink.com//de-DE/shop/product/kuhne-gewurzgurken-370ml-11010641/
Kühne Rotkohl 335g;1,29;0;https://www.goflink.com//de-DE/shop/product/kuhne-rotkohl-370ml-11010643/
Kühne Silberzwiebeln 190g;1,59;0;https://www.goflink.com//de-DE/shop/product/kuhne-silberzwiebeln-330g-11015659/
La bio idea Weiße Riesenbohnen 240g;1,39;0;https://www.goflink.com//de-DE/shop/product/la-bio-idea-weisse-riesenbohnen-400g-11012464/
P&W Gurken Relish 225g;1,39;0;https://www.goflink.com//de-DE/shop/product/pandw-gurken-relish-225g-11017326/
Little Lunch Bio Lieblingssauce Bolognese 250ml;2,79;0;https://www.goflink.com//de-DE/shop/product/little-lunch-bio-lieblingssauce-bolognese-250ml-11016369/
Little Lunch Bio Lieblingssauce Tomate Klassik 250ml;1,99;0;https://www.goflink.com//de-DE/shop/product/little-lunch-bio-lieblingssauce-tomate-klassik-250ml-11016367/
Better Lunch Project Chili sin Carne 400 g;5,79;0;https://www.goflink.com//de-DE/shop/product/better-lunch-project-chili-sin-carne-400-g-11015654/
Better Lunch Project Hühnerfrikassee 380g;6,79;0;https://www.goflink.com//de-DE/shop/product/better-lunch-project-huhnerfrikassee-380g-11015653/
Better Lunch Project KohlrabI Pilz Frikassee 380g;5,79;0;https://www.goflink.com//de-DE/shop/product/better-lunch-project-kohlrabi-pilz-frikassee-380g-11015651/
Better Lunch Project Orientalischer Schmortopf 400g;5,43;6,79;https://www.goflink.com//de-DE/shop/product/better-lunch-project-orientalischer-schmortopf-400g-11015652/
Elisabeth Curry-Kokossuppe mit Huhn und Gemüse 450ml;7,49;0;https://www.goflink.com//de-DE/shop/product/elisabethsuppen-curry-kokossuppe-mit-huhn-und-gemuse-450ml-11015621/
Elisabeth Kartoffelcremesuppe 450ml;5,49;0;https://www.goflink.com//de-DE/shop/product/elisabethsuppen-kartoffelcremesuppe-450ml-11015619/
Elisabeth Rote Linsen-Mangosuppe (vegan) 450ml;6,49;0;https://www.goflink.com//de-DE/shop/product/elisabethsuppen-rote-linsen-mangosuppe-450ml-11015620/
Elisabeth Tomaten-Kokossuppe (vegan) 450ml;6,49;0;https://www.goflink.com//de-DE/shop/product/suppkult-tomaten-kokossuppe-450ml-11015953/
Erasco Erbseneintopf mit Fleischbällchen 800g;2,99;0;https://www.goflink.com//de-DE/shop/product/erasco-erbseneintopf-mit-fleischballchen-800g-11010253/
Erasco Heisse Tasse Hühnersuppe 450ml;0,30;0,99;https://www.goflink.com//de-DE/shop/product/erasco-heisse-tasse-huhnersuppe-450ml-11010232/
Erasco Heisse Tasse Spargelsuppe 450ml;0,99;0;https://www.goflink.com//de-DE/shop/product/erasco-heisse-tasse-spargelsuppe-450ml-11010233/
Erasco Heisse Tasse Tomatencremesuppe 450ml;0,30;0,99;https://www.goflink.com//de-DE/shop/product/erasco-heisse-tasse-tomatencremesuppe-450ml-11010250/
Erasco Hühner Nudel-Topf 800g;2,99;0;https://www.goflink.com//de-DE/shop/product/erasco-huhner-nudeltopf-800g-11010254/
Erasco Hühner Reis-Topf 800g;2,99;0;https://www.goflink.com//de-DE/shop/product/erasco-huhner-reistopf-800g-11010255/
Erasco Weiße Bohneneintopf 800g;2,39;2,99;https://www.goflink.com//de-DE/shop/product/erasco-weisse-bohneneintopf-800g-11010257/
Flink Bio Butternutkürbis-Suppe 400g;2,59;0;https://www.goflink.com//de-DE/shop/product/flink-organic-butternut-squash-soup-400g-11014656/
Flink Bio Linsensuppe 400g;1,99;0;https://www.goflink.com//de-DE/shop/product/flink-organic-three-lentils-400g-11014659/
Flink Bio Tomatensuppe 400g;2,99;0;https://www.goflink.com//de-DE/shop/product/flink-organic-cold-tomato-soup-creamy-400g-11014660/
Flink Bio Veganes Chili 400 g;2,99;0;https://www.goflink.com//de-DE/shop/product/flink-organic-vegan-chilli-bean-soup-400g-11014658/
Flink Bio Veganes Curry 400g;2,99;0;https://www.goflink.com//de-DE/shop/product/flink-organic-spicy-curry-soup-400g-11014657/
Flink Bio Zuckermais-Suppe 400g;2,59;0;https://www.goflink.com//de-DE/shop/product/flink-organic-sweet-corn-soup-400g-11014655/
Gewürzmühle Engels Linsencurry 250g;3,89;0;https://www.goflink.com//de-DE/shop/product/gewurzmuhle-engels-linsencurry-250g-11017562/
Hofgut Stöcken JAIAIAI Bio-Chilli con Carne mit Rindfleisch 330ml;1,80;5,99;https://www.goflink.com//de-DE/shop/product/hofgut-stocken-jaiaiai-bio-chilli-con-carne-mit-rindfleisch-330ml-11015703/
Hofgut Stöcken OHOOO Bio-Rinderhack Lauch Käsesuppe 330ml;4,19;5,99;https://www.goflink.com//de-DE/shop/product/hofgut-stocken-ohooo-bio-rinderhack-lauch-kasesuppe-330ml-11015706/
Hofgut Stöcken SWEET Bio-Süßkartoffelsuppe Vegan 330ml;4,79;5,99;https://www.goflink.com//de-DE/shop/product/hofgut-stocken-sweet-bio-susskartoffelsuppe-vegan-330ml-11015705/
Knorr Activ Champignonsuppe 3 Beutel;0,99;0;https://www.goflink.com//de-DE/shop/product/knorr-activ-champignonsuppe-3er-11010230/
Knorr Activ Kartoffelsuppe 3 Beutel;0,79;0,99;https://www.goflink.com//de-DE/shop/product/knorr-activ-karoffelsuppe-3er-11010231/
Knorr Buchstaben Suppe (3 Teller) 82g;0,99;0;https://www.goflink.com//de-DE/shop/product/knorr-buchstaben-suppe-3-teller-11010226/
Knorr Hühner Suppe (3 Teller) 69g;0,99;0;https://www.goflink.com//de-DE/shop/product/knorr-huhner-suppe-3-teller-11010227/
Knorr Suppe mit Rind (3 Teller) 76g;0,79;0,99;https://www.goflink.com//de-DE/shop/product/knorr-suppe-mit-rind-3-teller-11010228/
Knorr Tomaten Cremesuppe (3 Teller) 62g;0,49;0,99;https://www.goflink.com//de-DE/shop/product/knorr-tomatencreme-suppe-3-teller-11010229/
Käfer Kartoffelsuppe getrüffelt 340g;7,96;9,95;https://www.goflink.com//de-DE/shop/product/kafer-kartoffelsuppe-getruffelt-340g-11012780/
Little Lunch Bio Chili Con Carne 350ml;3,69;0;https://www.goflink.com//de-DE/shop/product/little-lunch-bio-chilli-con-carne-350ml-11010240/
Little Lunch Bio Chili Sin Carne 350ml;2,99;0;https://www.goflink.com//de-DE/shop/product/little-lunch-bio-chili-sin-carne-350ml-11017139/
Little Lunch Bio Erbsentöpfle 350ml;2,99;0;https://www.goflink.com//de-DE/shop/product/little-lunch-bio-erbsentopfl-350ml-11010238/
Little Lunch Bio Gulaschsuppe 350ml;3,69;0;https://www.goflink.com//de-DE/shop/product/little-lunch-bio-gulaschsuppe-350ml-11010242/
Little Lunch Bio Kartoffelsuppe 350ml;2,99;0;https://www.goflink.com//de-DE/shop/product/little-lunch-bio-kartoffelsuppe-350ml-11010243/
Little Lunch Bio Käseschmank 350ml;2,99;0;https://www.goflink.com//de-DE/shop/product/little-lunch-bio-kaseschmank-350ml-11010237/
Little Lunch Bio Kürbissuppe Klassik 350ml;2,99;0;https://www.goflink.com//de-DE/shop/product/little-lunch-bio-kurbissuppe-klassik-350ml-11010239/
Little Lunch Bio Linseneintopf 350ml;2,09;2,99;https://www.goflink.com//de-DE/shop/product/little-lunch-bio-linseneintopf-350ml-11010234/
Little Lunch Bio Little Chicken 350ml;3,69;0;https://www.goflink.com//de-DE/shop/product/little-lunch-bio-little-chicken-350ml-11010235/
Little Lunch Bio Protein Bowl mit Kichererbse und Linsen 350ml;2,99;0;https://www.goflink.com//de-DE/shop/product/little-lunch-bio-protein-bowl-mit-kirchererbse-und-linsen-350ml-11016365/
Little Lunch Bio Thai Curry 350ml;2,99;0;https://www.goflink.com//de-DE/shop/product/little-lunch-bio-thai-curry-350ml-11016370/
Little Lunch Bio Tomatensuppe 350ml;2,99;0;https://www.goflink.com//de-DE/shop/product/little-lunch-bio-tomatensuppe-350ml-11010241/
Little Lunch Spätzlegulasch 350ml;2,99;0;https://www.goflink.com//de-DE/shop/product/little-lunch-spatzlegulasch-350ml-11010236/
REWE Bio Linseneintopf 400g;1,18;1,69;https://www.goflink.com//de-DE/shop/product/rewe-bio-linseneintopf-400g-11013149/
Rettergut Bio-Kürbissuppe mit Kokos 375ml;2,99;0;https://www.goflink.com//de-DE/shop/product/rettergut-bio-kurbissuppe-mit-kokos-375ml-11017718/
Vinzenzmurr Echt Bayrische Leberknödel 4 x 65g;1,99;0;https://www.goflink.com//de-DE/shop/product/vinzenzmurr-echt-bayrische-leberknodel-4-x-65g-11014703/
Vinzenzmurr Rindergulasch 350g;4,99;0;https://www.goflink.com//de-DE/shop/product/vinzenzmurr-rindergulasch-350g-11014714/
Vinzenzmurr Rindfleischsuppe 350g;2,49;0;https://www.goflink.com//de-DE/shop/product/vinzenzmurr-rindfleischsuppe-350g-11014715/
Vinzenzmurr Sauerkraut Tafelfertig 350g;2,79;0;https://www.goflink.com//de-DE/shop/product/vinzenzmurr-sauerkraut-tafelfertig-350g-11014713/
Vinzenzmurr Saures Lüngerl 350g;2,19;0;https://www.goflink.com//de-DE/shop/product/vinzenzmurr-saures-lungerl-350g-11014717/
Ben's Original Express Risotto Tomate & italienische Kräuter 250g;2,69;0;https://www.goflink.com//de-DE/shop/product/bens-original-express-risotto-tomate-and-italienische-krauter-250g-11015780/
Hofgut Stöcken JUPPIE Bio-Rahmgeschnetzeltes 330ml;1,80;5,99;https://www.goflink.com//de-DE/shop/product/hofgut-stocken-juppie-bio-rahmgeschnetzeltes-330ml-11015702/
I ♡ Mauldasch Maultaschen in der Brühe 400g;5,99;0;https://www.goflink.com//de-DE/shop/product/i-mauldasch-maultschen-in-der-bruhe-400g-11016055/
I ♡ Mauldasch Maultaschen-Curry 350g;6,49;0;https://www.goflink.com//de-DE/shop/product/i-mauldasch-maultaschen-curry-350g-11016053/
I ♡ Mauldasch Maultaschen-Fleischkäse 400g;5,99;0;https://www.goflink.com//de-DE/shop/product/i-mauldasch-maultaschen-fleischkase-400g-11016054/
Iglo Penne Creme Spinaci 450g;2,99;0;https://www.goflink.com//de-DE/shop/product/iglo-penne-creme-spinaci-450g-11017399/
Knorr Kartoffel Snack Röstzwiebel & Croutons 48g;1,29;0;https://www.goflink.com//de-DE/shop/product/knorr-kartoffel-snack-rostzwiebel-and-croutons-48g-11017005/
Knorr Pasta Snack Bolognese 68g;1,29;0;https://www.goflink.com//de-DE/shop/product/knorr-pasta-snack-bolognese-68g-11017006/
Knorr Pasta Snack Käse-Sahne-Sauce 71g;1,29;0;https://www.goflink.com//de-DE/shop/product/knorr-pasta-snack-kase-sahne-sauce-71g-11017007/
Knorr Pasta Snack Tomaten-Mozzarella-Sauce 72g;1,29;0;https://www.goflink.com//de-DE/shop/product/knorr-pasta-snack-tomaten-mozzarella-sauce-72g-11017004/
Käfer Weißwürste 550g;6,90;0;https://www.goflink.com//de-DE/shop/product/kafer-weisswurste-550g-11012769/
La bio idea Kichererbsen 400g;1,39;0;https://www.goflink.com//de-DE/shop/product/la-bio-idea-kichererbsen-400g-11012462/
Maggi 5 Minuten Terrine Hühner Nudeltopf 41g;0,39;1,29;https://www.goflink.com//de-DE/shop/product/maggi-5-minuten-terrine-huhn-nudeltopf-41g-11010245/
Maggi 5 Minuten Terrine Kartoffelbrei Röstzwiebeln 56g;1,29;0;https://www.goflink.com//de-DE/shop/product/maggi-5-minuten-terrine-kartoffelbrei-rostzwiebeln-56g-11010246/
Maggi 5 Minuten Terrine Nudeln Tomate-Mozzarella 55g;0,39;1,29;https://www.goflink.com//de-DE/shop/product/maggi-5-minuten-terrine-tomate-mozarella-55g-11010249/
Maggi 5 Minuten Terrine Spaghetti Bolognese 60g;1,29;0;https://www.goflink.com//de-DE/shop/product/maggi-5-minuten-terrine-spaghetti-bolognese-60g-11010247/
Maggi 5 Minuten Terrine Spaghetti Tomatensauce 60g;0,39;1,29;https://www.goflink.com//de-DE/shop/product/maggi-5-minuten-terrine-spaghetti-tomatensauce-60g-11010248/
Maggi Ravioli in Tomatensauce 800g;2,39;0;https://www.goflink.com//de-DE/shop/product/maggi-ravioli-in-tomatensauce-800g-11014913/
Maggi Ravioli in pikanter Sauce mit Fleisch 800g;2,39;0;https://www.goflink.com//de-DE/shop/product/maggi-ravioli-in-pikanter-sauce-mit-fleisch-800g-11014912/
Metzgerei Bauch Bierwurst im Glas 160g;2,89;0;https://www.goflink.com//de-DE/shop/product/metzgerei-bauch-bierwurst-im-glas-160g-11011437/
Metzgerei Bauch Bolognese Vegan im Glas 475ml;8,39;0;https://www.goflink.com//de-DE/shop/product/metzgerei-bauch-bolognese-vegan-im-glas-475ml-11011433/
Metzgerei Bauch Coq au Vin Hähnchenkeule in Rotwein geschmort Glas 475ml;9,99;0;https://www.goflink.com//de-DE/shop/product/metzgerei-bauch-coq-au-vin-hahnchenkeule-in-rotwein-geschmort-glas-475ml-11011431/
Metzgerei Bauch Eisbein gepökelt und gegart ohne Knochen im Glas 475ml;8,39;0;https://www.goflink.com//de-DE/shop/product/metzgerei-bauch-eisbein-gepokelt-und-gegart-ohne-knochen-im-glas-475ml-11011430/
Metzgerei Bauch Hirschgulasch im Glas 475ml;9,99;0;https://www.goflink.com//de-DE/shop/product/metzgerei-bauch-hirschgulasch-im-glas-475ml-11011429/
Metzgerei Bauch Münchner Leberkäs im Glas 160g;2,89;0;https://www.goflink.com//de-DE/shop/product/metzgerei-bauch-munchner-leberkas-im-glas-160g-11011436/
Metzgerei Bauch Rinder Roulade im Glas 475ml;9,39;0;https://www.goflink.com//de-DE/shop/product/metzgerei-bauch-rinder-roulade-im-glas-475ml-11011428/
Metzgerei Bauch Rindergulasch im Glas 475ml;9,99;0;https://www.goflink.com//de-DE/shop/product/metzgerei-bauch-rindergulasch-im-glas-475ml-11011432/
Metzgerei Bauch Schinkenrotwurst im Glas 150g;2,89;0;https://www.goflink.com//de-DE/shop/product/metzgerei-bauch-schinkenrotwurst-im-glas-150g-11011438/
Mirácoli Kräuter Pasta Pronto 200g;1,99;0;https://www.goflink.com//de-DE/shop/product/miracoli-krauter-pasta-pronto-200g-11015782/
Mirácoli Spaghetti mit Tomatensauce 5 Portionen 616g;2,99;0;https://www.goflink.com//de-DE/shop/product/miracoli-spaghetti-mit-tomatensauce-5-portionen-616g-11015781/
Nissin Cup Noodle Tasty Chicken 63g;1,29;0;https://www.goflink.com//de-DE/shop/product/nissin-cup-noodle-ginger-chicken-63g-11016368/
Nissin Cup Noodle Veggie Miso 67g;1,29;0;https://www.goflink.com//de-DE/shop/product/nissin-cup-noodle-veggie-miso-67g-11016366/
Nissin Nudelsuppe Demae Ramen Spicy 100g;0,89;0;https://www.goflink.com//de-DE/shop/product/nissin-nudelsuppe-demae-ramen-spicy-100g-11016364/
Nissin Nudelsuppe Huhn 100g;0,89;0;https://www.goflink.com//de-DE/shop/product/nissin-nudelsuppe-huhn-100g-11016363/
Nissin Soba Nudeln mit Chili 92g Cup;1,79;0;https://www.goflink.com//de-DE/shop/product/nissin-soba-nudeln-mit-chili-92g-cup-11016362/
Nissin Soba Nudeln mit Yakisoba-Sauce Classic 90g;1,79;0;https://www.goflink.com//de-DE/shop/product/nissin-soba-nudeln-mit-yakisoba-sauce-classic-90g-11016359/
Oyakata Chicken Ramen Soup 63g;0,30;0,99;https://www.goflink.com//de-DE/shop/product/oyakata-chicken-ramen-soup-63g-11013619/
Stark Bio Black Chili Bean Bowl 400g;3,99;0;https://www.goflink.com//de-DE/shop/product/stark-black-chili-bean-bowl-400g-11013529/
Stark Bio Curry Chickpea Bowl 400g;3,99;0;https://www.goflink.com//de-DE/shop/product/stark-curry-chickpea-bowl-400g-11013528/
Vegan Mala Burger 360g;6,49;0;https://www.goflink.com//de-DE/shop/product/vegan-mala-burger-360g-11015740/
Vinzenzmurr  Chili Con Carne 350g;0,84;2,79;https://www.goflink.com//de-DE/shop/product/vinzenzmurr-chili-con-carne-350g-11014716/
Vinzenzmurr Fleischsoße Bolognese 350g;0,75;2,49;https://www.goflink.com//de-DE/shop/product/vinzenzmurr-fleischsosse-bolognese-11014718/
Yum Yum Chicken Flavour 60g;0,59;0;https://www.goflink.com//de-DE/shop/product/yum-yum-chicken-flavour-60g-11013449/
Yum Yum Japanese Chicken Flavour 60g;0,18;0,59;https://www.goflink.com//de-DE/shop/product/yum-yum-japanese-chicken-flavour-60g-11013448/
feelfood Chilli Sin Carne vegan 85g;3,99;0;https://www.goflink.com//de-DE/shop/product/feel-food-chilli-sin-carne-vegan-85g-11016224/
feelfood Pasta Bolo vegan 85g;3,99;0;https://www.goflink.com//de-DE/shop/product/feel-food-pasta-bolo-vegan-85g-11016225/
feelfood Red Lentil Dal vegan 85g;3,99;0;https://www.goflink.com//de-DE/shop/product/feel-food-red-lentil-dal-vegan-85g-11016226/
prepmymeal - Low Carb Lachs mit Kürbis-Püree 400g;9,99;0;https://www.goflink.com//de-DE/shop/product/prepmymeal-low-carb-lachs-mit-kurbis-puree-400g-11017231/
prepmymeal - vegane Bulgur-Gemüse-Pfanne 490g;9,99;0;https://www.goflink.com//de-DE/shop/product/prepmymeal-vegane-bulgur-gemuse-pfanne-490g-11017232/
Followfish MSC Thunfisch Filets in Bio-Olivenöl 160g;2,99;0;https://www.goflink.com//de-DE/shop/product/followfish-msc-thunfisch-filets-in-bio-olivenol-160g-11011869/
Followfish MSC Thunfisch-Filets Natur 185g;2,99;0;https://www.goflink.com//de-DE/shop/product/followfish-msc-thunfish-filets-natur-185g-11011866/
Followfish Weißer Thun in eigenem Saft 170g;4,99;0;https://www.goflink.com//de-DE/shop/product/followfish-weisser-thun-in-eigenem-saft-170g-11017521/
Followfísh MSC Weißer Thunfisch in Bio-Olivenöl 165g;4,99;0;https://www.goflink.com//de-DE/shop/product/followfish-msc-weisser-thunfisch-in-bio-olivenol-165g-11017516/
Future Farm Future Tuna 150g;3,89;0;https://www.goflink.com//de-DE/shop/product/future-farm-future-tuna-150g-11015697/
Hawesta Heringsfilet Balkan-Sauce 200g;1,99;0;https://www.goflink.com//de-DE/shop/product/hawesta-heringsfilet-balkan-200g-11010627/
Hawesta Heringsfilet Pfeffercreme 200g;1,99;0;https://www.goflink.com//de-DE/shop/product/hawesta-heringsfilet-pfeffercreme-200g-11010626/
Hawesta Heringsfilet Tomaten-Creme 200g;1,99;0;https://www.goflink.com//de-DE/shop/product/hawesta-heringsfilet-tomate-200g-11010625/
Hawesta Heringsfilet Toskana-Sauce 200g;1,35;1,69;https://www.goflink.com//de-DE/shop/product/hawesta-heringsfilet-toskana-200g-11010624/
Saupiquet MSC Thunfisch-Salat Mexicana 160g;2,89;0;https://www.goflink.com//de-DE/shop/product/saupiquet-msc-thunfisch-salat-mexicana-160g-11017341/
Saupiquet Thunfisch Naturale 185g;2,79;0;https://www.goflink.com//de-DE/shop/product/saupiquet-thunfisch-naturale-185g-11010623/
Saupiquet Thunfisch in Sonnenblumenöl 185g;2,79;0;https://www.goflink.com//de-DE/shop/product/saupiquet-thunfisch-in-sonnenblumenol-185g-11010622/
Saupiquet Thunfisch-Salat Cous Cous 160g;2,89;0;https://www.goflink.com//de-DE/shop/product/saupiquet-thunfisch-salat-cous-cous-160g-11017502/
Meica Deutschländer Würstchen 330g (6 Stück);3,99;0;https://www.goflink.com//de-DE/shop/product/meica-deutschlander-wurstchen-6-stuck-660g-11014137/
Meica Geflügel-Würstchen extra knackig 250g (6 Stück);3,89;0;https://www.goflink.com//de-DE/shop/product/meica-geflugel-wurstchen-extra-knackig-250g-11013042/
Meica Trueman's Hot Dog Würstchen 350g;3,89;0;https://www.goflink.com//de-DE/shop/product/meica-truemans-hot-dog-wurstchen-350g-11017321/
Meica Wiener 250g (6 Stück);3,89;0;https://www.goflink.com//de-DE/shop/product/meica-wiener-250g-11017325/
P&W Röstzwiebeln 150g;1,39;0;https://www.goflink.com//de-DE/shop/product/pandw-rostzwiebeln-150g-11015529/
Feinkost Dittmann Ajvar mild 340ml;2,89;0;https://www.goflink.com//de-DE/shop/product/feinkost-dittmann-ajvar-mild-340ml-11017320/
Feinkost Dittmann Ajvar scharf 340ml;2,89;0;https://www.goflink.com//de-DE/shop/product/feinkost-dittmann-ajvar-scharf-340ml-11017330/
Feinkost Dittmann Getrocknete Tomaten 340g;3,49;0;https://www.goflink.com//de-DE/shop/product/feinkost-dittmann-getrocknete-tomaten-340g-11017316/
Feinkost Dittmann Paprika geröstet 210g;2,49;0;https://www.goflink.com//de-DE/shop/product/feinkost-dittmann-paprika-gerostet-210g-11017317/
Feinkost Dittmann Pfefferonen mild 200g;2,39;0;https://www.goflink.com//de-DE/shop/product/feinkost-dittmann-pfefferonen-mild-200g-11017315/
Gaea Gemischte Oliven Basilikum 150g;2,89;0;https://www.goflink.com//de-DE/shop/product/gaea-gemischte-oliven-basilikum-150g-11017216/
Gaea Grüne Oliven Zitrone 150g;2,89;0;https://www.goflink.com//de-DE/shop/product/gaea-grune-oliven-zitrone-150g-11017215/
Kühne Sonnengetrocknete Tomaten 200g;2,02;2,89;https://www.goflink.com//de-DE/shop/product/kuhne-sonnengetrocknete-tomaten-370ml-11011985/
Matithor Spanische Oliven mit Paprikapaste 200g;0,87;1,09;https://www.goflink.com//de-DE/shop/product/matithor-spanische-oliven-mit-paprikapaste-200g-11013079/
REWE Beste Wahl Gefüllte Weinblätter mit Reis 200g;1,49;0;https://www.goflink.com//de-DE/shop/product/rewe-beste-wahl-gefullte-weinblatter-mit-reis-200g-11013085/
REWE Beste Wahl Kapern Surfines 60g;0,99;0;https://www.goflink.com//de-DE/shop/product/rewe-beste-wahl-kapern-surfines-60g-11013078/
REWE Bio Grüne Oliven ohne Stein 180g;2,29;0;https://www.goflink.com//de-DE/shop/product/rewe-bio-grune-oliven-ohne-stein-350g-11013153/
REWE Bio Kalamata Oliven ohne Stein 180g;2,99;0;https://www.goflink.com//de-DE/shop/product/rewe-bio-kalamata-oliven-ohne-stein-350g-11013150/
